{"cameraMode":{"drawMode":0,"name":"Shaded","section":"Shading Mode"},"sceneLighting":false,"audioPlay":false,"sceneViewState":{"showFog":true,"showMaterialUpdate":false,"showSkybox":true,"showFlares":true,"showImageEffects":true,"showParticleSystems":true},"in2DMode":false,"pivot":{"x":2.861999988555908,"y":1.4064915180206299,"z":0.028118222951889039},"rotation":{"x":0.1527668982744217,"y":-0.6878441572189331,"z":0.15157127380371095,"w":0.6932235956192017},"size":0.5451358556747437,"orthographic":false}